MMHOOK_Assembly-CSharp.dll	febd1c9c7b7e264638bf83078341e707c45a11971d92ebb51b52fac5f1af2b8d	willis81808-MMHook 1.0.0
RoundsWithFriends.dll	00fee903eef697af95f662881504e9a9cad46d0361e8d01166c3db81d8b18383	olavim-RoundsWithFriends 1.1.0
RoundsWithFriends.dll	f80ebce35efa8b428c6be387d5cf02e4bbe45d5cd06d8e20c7932c6e201a4f5a	olavim-RoundsWithFriends 1.1.1
RoundsWithFriends.dll	367790416f5c6359ead658c6e51fa2e9b5cd4a2c264f0d0eaedd89e587c1d734	olavim-RoundsWithFriends 1.2.2
RoundsWithFriends.dll	a6cc9917c3b20a88575767b4f3174ae3263988c6c0a85806f7b2b9565220d3ee	olavim-RoundsWithFriends 1.2.3
RoundsWithFriends.dll	3342b36efe81c60a82105600e8d75153d86f9faa3f0b37101bfca9f1a666e1b6	olavim-RoundsWithFriends 1.2.4
RoundsWithFriends.dll	e2379f6eb883f60b37b72214926d4a780ba802108117c26ae1c0a2d742800cb4	olavim-RoundsWithFriends 1.3.0
RoundsWithFriends.dll	8183f243cd28fc2ac10a060873d918f3c5a24630da065debd1b83146b461f82e	olavim-RoundsWithFriends 1.3.1
RoundsWithFriends.dll	be84dd3c2725abf2c492112ce51fcb0757714d9ed948a127fba50639c091ca23	olavim-RoundsWithFriends 1.3.10
RoundsWithFriends.dll	e9fe760eb0b3b6393704c0d1970f024a8b1096a7a892340afe46d0094da19192	olavim-RoundsWithFriends 1.3.2
RoundsWithFriends.dll	fc22aac558af13a7334a59b80cc3a695f01e8d042ddeee0d164ce02be099a3f3	olavim-RoundsWithFriends 1.3.3
RoundsWithFriends.dll	eac3c8ea5dcd7eda9c13375fedcc7fca162f1d8552da9b51885ac9cf5893c7ae	olavim-RoundsWithFriends 1.3.4
RoundsWithFriends.dll	78ffa2abe510039f4b92719df9525a9ac77044f1fecdbf2f481bc086e3fb6c00	olavim-RoundsWithFriends 1.3.5
RoundsWithFriends.dll	b7c050a3bbdfa5a01cde9f1bbe45f3625ac2cbd961e6fe3747f9c4bd0be37e53	olavim-RoundsWithFriends 1.3.6
RoundsWithFriends.dll	305c3b12d12e0d54c4bc522bc32c0b2a3210881913fe8e6c01c4093aca44e847	olavim-RoundsWithFriends 1.3.7
RoundsWithFriends.dll	d754709a4c80d5ccdd3edb7c0edbd5a16849e5c9b3040a9db95db1744b4e2094	olavim-RoundsWithFriends 1.3.8
RoundsWithFriends.dll	0008ed2d6957fd6d788118fc55dc8fa8b2853ccf23d3b8d78b2fd1a539f1ce55	olavim-RoundsWithFriends 1.3.9
RoundsWithFriends.dll	8abd50f7c1cf67e058eebe41e858258b8906d256386b622921f1d66839a34ada	olavim-RoundsWithFriends 2.2.0
RoundsWithFriends.dll	3432e97d9c6c9c508f8fd9aac83be9b784f7151cf02959fe450689d091c3d45b	olavim-RoundsWithFriends 2.2.1
RoundsWithFriends.dll	d1c6440919412e75ebade7181e509fbd04a34b35ed269ef85b8ead6eb0cfde69	olavim-RoundsWithFriends 2.2.2
UnboundLib.dll	faf2b1427f7276126a6a26a438ac9eecf74601c3fbfbee7923a146131a6f23ed	olavim-UnboundLib 3.2.13
UnboundLib.dll	fffd58c45f44eeff408cfeaf4e627f1c1a9a24f22fd5f5373f37a2632ac2dd67	willis81808-UnboundLib 1.0.6
UnboundLib.dll	94f72df72bf8073937622fe8c222aa7856057517ae84a3d3e7db6154a6e3605b	willis81808-UnboundLib 1.0.7
UnboundLib.dll	ea0bb61cc96cd038b8bd1acd5dc1f7a9b3a949e52eb4318cec3f58c4faa052d2	willis81808-UnboundLib 1.0.9
UnboundLib.dll	17ce4f35893a8068f683d95396775418d3a6251a1031538c0fba223e8456bb6b	willis81808-UnboundLib 1.1.2
UnboundLib.dll	050f46b23c34366649732e7e59394b869fea493e0be4a9ff26bd584d018e24b5	willis81808-UnboundLib 2.1.0
UnboundLib.dll	ac1eaf55c7cf16c6edc01c6cd2cdab5d868c291d13eb46128d1e6b444d9b2443	willis81808-UnboundLib 2.1.2
UnboundLib.dll	7e30ec26cf3edc1a5516e6c72d7f8902aaa550acf3b53f50ffe28a42d8678341	willis81808-UnboundLib 2.1.3
UnboundLib.dll	ee5f4b4d08428e94fcbc3acd54f85fe2da103e6fdf52313e2de5bc543c145421	willis81808-UnboundLib 2.1.4
UnboundLib.dll	0ea403bc733b0d89e89a767e4d9d3de709a7ea1b52478081ba7d6e752c8352a0	willis81808-UnboundLib 2.1.5
UnboundLib.dll	ebbb2d6dd4a8b81e7860e182496c9f8e87c300cd92bd33eaa66afabc77fcd940	willis81808-UnboundLib 2.10.0
UnboundLib.dll	82cfc53a10d33c56a51f098d9868725ef430dca1e1c602c40c1fe1def5c96549	willis81808-UnboundLib 2.10.1
UnboundLib.dll	fa6bc81307614526f5b408188eee3ac9125a897b48b0022cef86f602bc1ab1ff	willis81808-UnboundLib 2.10.2
UnboundLib.dll	564fd91c127f34068fe3acdfcdc9d9e8717ecddaad8307b8a586203721e5a258	willis81808-UnboundLib 2.11.0
UnboundLib.dll	22e4d5048425f21079426921be53cb13e16297716925519afaf8c8b60fd995df	willis81808-UnboundLib 2.11.1
UnboundLib.dll	636c146099cb3219764c25a9660db7bf9c04a486e3f6fbc2befdc9cba542f9b0	willis81808-UnboundLib 2.11.2
UnboundLib.dll	0bde93210d6c207a0e5157411427f61e4a67fe4e3384bfbe5de09d113ec833a8	willis81808-UnboundLib 2.2.0
UnboundLib.dll	a99485727c471c1839b4f20d4dd89d0aae6085572eee8589bf349a1a43a195a7	willis81808-UnboundLib 2.2.1
UnboundLib.dll	df841c10cb2a81b41659b7a2705da6f45f798d78cb73ca991d2a4c7d4a5b1087	willis81808-UnboundLib 2.3.0
UnboundLib.dll	b990e6d77b4dd6c5ad8172a894c4774d0586f50fd2ac01cba471c62b261c3942	willis81808-UnboundLib 2.4.0
UnboundLib.dll	2796e60c5709b34b2a967e9a27cfe9a5c2a2f28ba7cb527edcbf6d1f8adcfc3c	willis81808-UnboundLib 2.5.0
UnboundLib.dll	091136d0c236370f4a26fe49a2a2e22e19e2761efe8df45e2b649a797932c3ae	willis81808-UnboundLib 2.5.1
UnboundLib.dll	40a9d853690840ae7921922c08369e3362c9ffb162b135a78bed396287f41aea	willis81808-UnboundLib 2.6.0
UnboundLib.dll	7ee60e1a86d0cb4e4b71b3e5b0b2ddaae393cf5c8b7b02e04d472384c863c89e	willis81808-UnboundLib 2.6.1
UnboundLib.dll	83acf6ad4fa95506435687619c5068ecb50d7bde93797a7b0271e1548a07e3b2	willis81808-UnboundLib 2.6.2
UnboundLib.dll	cd9069eb03fb85276c8f1f75e9f357e3fdb34ccda8132b43ba21358fcf4c5d81	willis81808-UnboundLib 2.7.0
UnboundLib.dll	2ea89e31c5a8094f88ae766cf136c918563676e51710c86fcbdab6137864249c	willis81808-UnboundLib 2.7.1
UnboundLib.dll	3d80a78715adfb7d43468b5bf7f59dd7e8a05aa197ad7a46210b80daece614cd	willis81808-UnboundLib 2.7.2
UnboundLib.dll	6626e08ffa1777427d67710019ecb6a471857c5dd1e27be5db09d4589757d63f	willis81808-UnboundLib 2.7.3
UnboundLib.dll	01600123c5f64e244d4214eefa4102cc19847ba57ee8db88ca4675a09bf7f236	willis81808-UnboundLib 2.7.4
UnboundLib.dll	f55d48222d3d3df54a52489e938058b7d9a7652941c128b531e27db727b60cd2	willis81808-UnboundLib 2.7.5
UnboundLib.dll	63d2e72ea41a11cb1e0cb1e0bc3e603473efc1365939fd50093e1bc350d9ae12	willis81808-UnboundLib 2.7.6
UnboundLib.dll	3bfa5a6a0dae01612ea0e15ab2648617ba3c2d6ec84cfbb49ef9952d2d960677	willis81808-UnboundLib 2.7.7
UnboundLib.dll	816b1bee8c2a8ad14d93c7e76a6301c36062778de0d35bbe7312a3cadb220ebe	willis81808-UnboundLib 2.8.0
UnboundLib.dll	b9504530a155ae96d23140193c0b5f815d29511c15051f0139681a25f3cde399	willis81808-UnboundLib 2.8.1
UnboundLib.dll	5c9812cd263631024e1bc51120d98b499035f02845bd9da58ccb5b857f7fbc54	willis81808-UnboundLib 2.8.2
UnboundLib.dll	b0bc68446ce1f857e3e068de843a3f297ffdde7dd2cd4b8b4ae40b0c2d7c6565	willis81808-UnboundLib 2.9.0
UnboundLib.dll	fd3e97fb689eed173c69778f0232d253d5b24b876445b17ac48d8222f273f341	willis81808-UnboundLib 3.0.0
UnboundLib.dll	4f28d2bbbe58f8e39ee2ea2294d5fa7642875e4057a0b3b0f6412b6fbb185ca8	willis81808-UnboundLib 3.0.1
UnboundLib.dll	3a030741cb89382cb026ff18ff04edee93dbac741d30350b73d19930d27f0ca5	willis81808-UnboundLib 3.1.0
UnboundLib.dll	148491629f9a71adf8bae52e9532050a2c29800372f89ebb49504075a5aafa5d	willis81808-UnboundLib 3.1.1
UnboundLib.dll	277493705845187523f038f9f114ce1b76510e154ab7620405ff6fa184a1c8c4	willis81808-UnboundLib 3.1.2
UnboundLib.dll	74de911d6bfab10080338ba00d6b62901e1cd5154168a487d7c909685c87ac43	willis81808-UnboundLib 3.1.3
UnboundLib.dll	c7c3dae7feed6e04e60d8b88da497b665d815059ab55ac2dd540c8130281f8bc	willis81808-UnboundLib 3.1.4
UnboundLib.dll	b7e04b16e42a664c1493813822d975e91214a91fe762d2bc7364e271c4786462	willis81808-UnboundLib 3.2.0
UnboundLib.dll	e36fda2a8bee4d7b1a4325a49536cedb47fefff902963c83faf060c775333573	willis81808-UnboundLib 3.2.1
UnboundLib.dll	d32fa7fd25bf15436dd72a618a7d5488be47f3d722351f4d1fe9bbfd6256f7df	willis81808-UnboundLib 3.2.10
UnboundLib.dll	9f0975f388aaa0ece9953c616c5b287b93fab69d416e8a5c6ff0029bc85a68f9	willis81808-UnboundLib 3.2.11
UnboundLib.dll	b9686dd0ccc2712078267d969144383831de31a3088688fb0be0ddad5930d95e	willis81808-UnboundLib 3.2.12
UnboundLib.dll	ffdb9d0b6482477cbc94d4866023ac84d4956f6a517fcf40510ad4f52a815b29	willis81808-UnboundLib 3.2.14
UnboundLib.dll	e18cc4a88b8af0f36583cfb8ac4b945faaea8c714f63e993431cebce10c0078c	willis81808-UnboundLib 3.2.2
UnboundLib.dll	2e1e79a817a585af3bb32386c86d42d076c5efaa517be7423f2516e93efad71c	willis81808-UnboundLib 3.2.3
UnboundLib.dll	aece9a9c3749ca6bdf1e9685ce62a9d5a9699f4eb09387e42778abc430906265	willis81808-UnboundLib 3.2.4
UnboundLib.dll	42763d2b2578d34780b1742c5cde36becd4cf55f5b0ef289b9c0b8e5e9a82c7a	willis81808-UnboundLib 3.2.5
UnboundLib.dll	81dae670be5c92ac533e37f01d94296170ce0b411508ef7618924ae379c62701	willis81808-UnboundLib 3.2.6
UnboundLib.dll	13b92e6cf65468c211c09d1cc4b125cd0e26041444591407dfd366fb76866d62	willis81808-UnboundLib 3.2.7
UnboundLib.dll	847c9aa9e980de6a15ac207c0d66c14e09ce16b4649cf5a27abd9fd2c802f02d	willis81808-UnboundLib 3.2.8
UnboundLib.dll	f6bda33280baed494714f1d2a3a7063f9224ce37c6e77183afd8358ae43242fd	willis81808-UnboundLib 3.2.9
