UnboundLib.dll	3411ae8451f7ad2bc7a4bf1b2e5fe21a4581afff44619f8a34b03430f3d4f408	e817c732f769d562e46dd061f43212ed517f617b018a1af23aa68bfd032bf280	Bknibb-UnboundLib-4.2.5~UnboundLib.dll.bsdf	macos
UnboundLib.dll	48e209e834a44441ba71ada4d24f2f803eae2f3bf2f64d66c652c0b57de7a8ce	93a00da132e0a00b762bd14ffec86ef8d52d45ad683137cc3c8fb06217ed38e5	Bknibb-UnboundLib-4.2.7~UnboundLib.dll.bsdf	macos
CardBarPatch.dll	7a17e4fde3680a7d18adcf369cc1f4957f0a054ba143f1a4a13dd61b57791cbf	e885cabc08314e78ef72f2e9d40f93fceaba201958c680c61345e979a957c525	BossSloth-CardBarPatch-2.1.1~CardBarPatch.dll.bsdf
GunUnblockablePatch.dll	d401048dbf781e2bc39fa057d0811181541527e80b88418f1d6b852cd082ba03	45cb4c84caa1e66427ddc1c2693f771d63efae4710f749cf4a82ea0b9a702b50	Pykess-GunUnblockablePatch-0.0.0~GunUnblockablePatch.dll.bsdf
ModdingUtils.dll	a05e96e90cf082a7558ba2768be64be281a88e95d209f4c7fa26ccde8f0d71d0	dca2c89c03499b831581e8cd2bc8b92b7b1d4e41d0cba40c886360ed42a2e496	Pykess-ModdingUtils-0.4.8~ModdingUtils.dll.bsdf
TemporaryStatsPatch.dll	a077089d4d0851183c1ee2cd9768e048a2acd676da7de3b93cbd997c0e0bcf14	8a6e4ab427193f57f58c84402ace8fb505fd443db1a2c67df3bc8dbb066223e0	Pykess-TemporaryStatsPatch-0.0.2~TemporaryStatsPatch.dll.bsdf
ClassesManagerReborn.dll	5aaeab72c6a3d5396dd253df44d56ab595b026a37a9c451d4846c280cb24609b	d13f4efa72f88fdd6de66be75b4a79874b4a5cd665d224bd7e95c93e4aab4128	Root-Classes_Manager_Reborn-1.5.5~ClassesManagerReborn.dll.bsdf
RarityLib.dll	faff20e76256e724efc55ae90e245e2b908c98f1462aa0a139c2047f3e644e77	ecff0be8c7945a4f40c6908936116a57f4f92b09417958d2a6b8b2860691bf40	Root-RarityLib-1.3.0~RarityLib.dll.bsdf
GrowPatch.dll	8d4dbb87692e28f6bac989c558f757a561d39d2840ce14440de54fee5021c6df	f49ad42e68d48a3df644d877b4f61222b8ec67a3098c8403a547be2077c92309	RoundsModding-Grow_Patch-0.0.0~GrowPatch.dll.bsdf
PerformanceImprovements.dll	068f9c449ee5521ad1a2239f3983405459fb21a55459eb2249261d3e434872c4	e8b64812ee90185e18dcbab1fa0cda8afc8ca0fa88939df7b19571b6ffa48b17	RoundsModding-Performance_Improvements-0.2.0~plugins~PerformanceImprovements.dll.bsdf
CosmicRounds.dll	79cc4398a08cddb6a2283a5e1ec100cb7de13200fecbb3c5327b3c8299f8435b	f3264690f4035ce64f62d7aec06140e1c326920c4538232fca31fc2f20890b9a	XAngelMoonX-CR-2.7.0~CosmicRounds.dll.bsdf
ModsPlus.dll	3c94a7b61d6c033ee4b65c3faa3d407fd71b2e1d71c72896b6d14c1d2bfdc340	5058a39ad42b23a2a348dedd0b4ebb3221646ca1353759682dafddeae13f1067	willis81808-ModsPlus-1.6.2~plugins~ModsPlus.dll.bsdf
WillsWackyMapObjects.dll	f4e8c0418ee79273f37eeb8ab3fe940d1bf400740380b575018acd6f7ca208c4	5a5bc234266495a54f44b8f5df5866f396a232d82f3a6e65ebc1391575c3bae4	willuwontu-WillsWackyMapObjects-1.2.4~WillsWackyMapObjects.dll.bsdf
MapsExtended.dll	a69fb425044a63913cd0d99d0ea8e3c0335f7bdafaa11cda5c25a5829647f57f	f518737a20570c2758422644d1e95dbb6fc63a884021182dab0f516500ef2710	olavim-MapsExtended-1.4.2~plugins~MapsExtended.dll.bsdf
GunChargePatch.dll	bcc43b2fac595c1fdc09ed95066f91062659a5ba5dae24beaf13c1c0145d46e2	7fd5f587c1de2a8783c103881ecde77f30ba0af84a6d9478bb96d6af8d210be3	willuwontu-GunChargePatch-0.0.4~GunChargePatch.dll.bsdf
ProjectileChargePatch.dll	bcc43b2fac595c1fdc09ed95066f91062659a5ba5dae24beaf13c1c0145d46e2	7fd5f587c1de2a8783c103881ecde77f30ba0af84a6d9478bb96d6af8d210be3	willuwontu-GunChargePatch-0.0.4~GunChargePatch.dll.bsdf
UnboundLib.dll	ffdb9d0b6482477cbc94d4866023ac84d4956f6a517fcf40510ad4f52a815b29	2eecd826d889cc1dda5efc0433bc77ab9bafa85cacc00323f3a8c7de79558154	willis81808-UnboundLib-3.2.14~plugins~UnboundLib.dll.bsdf
MMHOOK_Assembly-CSharp.dll	febd1c9c7b7e264638bf83078341e707c45a11971d92ebb51b52fac5f1af2b8d	926b53b329d94f6a8842e6d51ca17ff96f081df59695d7862845d5ccce9e5a62	willis81808-MMHook-1.0.0~plugins~MMHOOK_Assembly-CSharp.dll.bsdf
RoundsWithFriends.dll	d1c6440919412e75ebade7181e509fbd04a34b35ed269ef85b8ead6eb0cfde69	1bd4d5aa47de0e04661710a77bb0b5f1214dac4b3baabc9364b3418ecbc8ab61	olavim-RoundsWithFriends-2.2.2~plugins~RoundsWithFriends.dll.bsdf
